"Nombre", "Autor", "ISBN-10", "ISBN-13", "Editorial", "Páginas", "Imagen"
"La Galería de las Maravillas (Versión española, Libro 1): Un mundo mágico para niños y jóvenes sobre pintura, arte y fantasía con muchas criaturas fantásticas. (Magora) (Spanish Edition)","Marc Remus",,,"Misty Moon Books / Marc Remus (26 Septiembre 2021)",,
"40 Relatos de Fantasía y Ciencia Ficción: Libro benéfico (Hospital Amic de la Fundación Sant Joan de Déu) (Spanish Edition)","Grupo LLEC","1976927781","978-1976927782","Independently published (18 Enero 2018)","328 páginas","https://images-na.ssl-images-amazon.com/images/I/51Uel+w+JCL._SX322_BO1,204,203,200_.jpg"
"Inmortales: Colección Especial De Vampiros En Español (4 En 1) Libros de Novelas de Vampiros: Las mejores historias de Suspense, Romance y Fantasía ... Romántica en Español (Spanish Edition)",,"1711884219","978-1711884219","Independently published (26 Noviembre 2019)","389 páginas","https://images-na.ssl-images-amazon.com/images/I/51iKCpplyLL._SX331_BO1,204,203,200_.jpg"
"Los mapas de Kinegea: Libro juvenil de aventuras y fantasía (a partir de 12 años) (Spanish Edition)",,,"979-8564437547","Independently published (13 Noviembre 2020)","262 páginas","https://images-na.ssl-images-amazon.com/images/I/411TULFMzdL._SX322_BO1,204,203,200_.jpg"
"House of Earth and Blood: Crescent City, Book 1","Sarah J. Maas",,,,,
"Anne of Green Gables, Complete 8-Book Box Set",,"0553609416","978-0553609417","Starfire; Reprint edición (6 Octubre 1998)",,"https://images-na.ssl-images-amazon.com/images/I/51Nb+qI4fbL._SX258_BO1,204,203,200_.jpg"
"Chain of Iron (2) (The Last Hours)",,"1481431900","978-1481431903","Margaret K. McElderry Books (2 Marzo 2021)","688 páginas","https://images-na.ssl-images-amazon.com/images/I/514LaBle4CL._SX406_BO1,204,203,200_.jpg"
"Todas las hadas del reino [All the Fairies in the Kingdom]","Laura Gallego",,,,,
"Warriors: A Vision of Shadows Box Set: Volumes 1 to 6",,"0062945831","978-0062945839","HarperCollins; Reprint edición (29 Octubre 2019)","2144 páginas","https://images-na.ssl-images-amazon.com/images/I/51QqzZRpCfL._SX258_BO1,204,203,200_.jpg"
"Harry Potter Books 1-7 Special Edition Boxed Set","Brian Selznick","1338218395","978-1338345728","Arthur A. Levine Books; Special edición (28 Agosto 2018)",,"https://images-na.ssl-images-amazon.com/images/I/51liWqkRHgL._SY297_BO1,204,203,200_.jpg"
"Midnight Sun",,"031670704X","978-0349003634","Little, Brown Books for Young Readers (4 Agosto 2020)","672 páginas","https://images-na.ssl-images-amazon.com/images/I/41P0fRGbETL._SX329_BO1,204,203,200_.jpg"
"Urano (Spanish Edition)",,"166248853X","978-1662488535","Page Publishing, Inc. (6 Mayo 2021)","176 páginas","https://images-na.ssl-images-amazon.com/images/I/41PcmR3FOPS._SX331_BO1,204,203,200_.jpg"
"Harry Potter Complete Book Series Special Edition Boxed Set","Kazu Kibuishi","0545596270","978-0545596275","Scholastic Inc.; Special edición (27 Agosto 2013)",,"https://images-na.ssl-images-amazon.com/images/I/51xvaHppZqL._SY429_BO1,204,203,200_.jpg"
"The Complete Works of Jane Austen: (In One Volume) Sense and Sensibility, Pride and Prejudice, Mansfield Park, Emma, Northanger Abbey, Persuasion, Lady ... Sandition, and the Complete Juvenilia",,,,"KTHTK (3 Diciembre 2021)",,
"Asesino de brujas - Volumen 2: Los hijos del rey (Spanish Edition)","SHELBY MAHURIN","8417854126","978-8417854126","Puck; Translation edición (12 Enero 2021)","512 páginas","https://images-na.ssl-images-amazon.com/images/I/518NVrFyqPL._SX315_BO1,204,203,200_.jpg"
"Six of Crows (Six of Crows, 1)",,"9781250076960","978-1250076960","Square Fish; Reprint edición (6 Febrero 2018)","495 páginas","https://images-na.ssl-images-amazon.com/images/I/513mKIdfJHL._SX338_BO1,204,203,200_.jpg"
"The Wheel of Time, Books 1-4: (The Eye of the World, The Great Hunt, The Dragon Reborn, The Shadow Rising, New Spring: The Novel)",,,,"Tor Books (13 Diciembre 2016)",,
"The Awakening: The Dragon Heart Legacy, Book 1",,,,"St. Martin's Press (24 Noviembre 2020)",,
"The Magicians Trilogy Boxed Set: The Magicians; The Magician King; The Magician's Land",,"0147517389","978-0147517388","Penguin Books; Reprint edición (9 Junio 2015)","1280 páginas","https://images-na.ssl-images-amazon.com/images/I/51nzWYdhXtL._SX335_BO1,204,203,200_.jpg"
"Rhythm of War: Book Four of The Stormlight Archive","Brandon Sanderson",,,,,
"A Touch of Darkness (Hades X Persephone Book 1)",,,,"Bloom Books (24 Mayo 2019)",,
"A Court of Thorns and Roses eBook Bundle: A 4 Book Bundle",,,,"Bloomsbury Publishing; 1er edición (15 Octubre 2020)",,
"A Throne of Ruin (Deliciously Dark Fairytales Book 2)",,,,"Hazy Dawn Press, Inc. (12 Noviembre 2021)",,
"Warriors: Dawn of the Clans Box Set: Volumes 1 to 6",,"0062410075","978-0062410078","HarperCollins; Box edición (20 Septiembre 2016)","2208 páginas","https://images-na.ssl-images-amazon.com/images/I/415VqA4xYjL._SX258_BO1,204,203,200_.jpg"
"Children of Dune","Frank Herbert",,,,,
"The Fires of Heaven: Book Five of The Wheel of Time","Kate Reading",,,,,
"Lord of Chaos: Book Six of The Wheel of Time","Kate Reading",,,,,
"Harry Potter and the Order of the Phoenix, Book 5","J.K. Rowling",,,,,
"The Cursebreaker Series: A 3-Book Bundle",,,,"Bloomsbury YA; 1er edición (29 Junio 2021)",,
"The Big Book of Classic Fantasy","Ann Vandermeer","0525435565","978-0525435563","Vintage (2 Julio 2019)","848 páginas","https://images-na.ssl-images-amazon.com/images/I/51h-biX7EEL._SX381_BO1,204,203,200_.jpg"
"The Last Graduate: A Novel (The Scholomance Book 2)",,,,"Del Rey (28 Septiembre 2021)",,
"Wheel of Time Premium Boxed Set II: Books 4-6 (The Shadow Rising, The Fires of Heaven, Lord of Chaos)",,"1250256216","978-1250256218","Tor Fantasy; Premium edición (31 Diciembre 2019)",,"https://images-na.ssl-images-amazon.com/images/I/41aufO6j06L._SY331_BO1,204,203,200_.jpg"
"A Ruin of Roses (Deliciously Dark Fairytales Book 1)",,,,,,
"The Second Blind Son (The Chronicles of Saylok)",,,,"47North (20 Julio 2021)",,
"Harry Potter and the Goblet of Fire, Book 4","J.K. Rowling",,,,,
"Zodiac Academy: The Awakening",,,,,,
"Harry Potter and the Prisoner of Azkaban, Book 3","J.K. Rowling",,,,,
"The Undiscovered Descendants: Book #1 in the Nordri Series",,,,"Pohjola Press (12 Noviembre 2021)",,
"Oathbringer","Brandon Sanderson",,,,,
"Harry Potter and the Deathly Hallows, Book 7","J.K. Rowling",,,,,
"The Way of Kings: The Stormlight Archive, Book 1","Brandon Sanderson",,,,,
"The Fair Isle Trilogy: Complete Series Collection",,"1955960011","978-1955960014","Crystal Moon Press (24 Junio 2021)","816 páginas","https://images-na.ssl-images-amazon.com/images/I/410RjE2LAIS._SX331_BO1,204,203,200_.jpg"
"Zodiac Academy 5: Cursed Fates",,,,,,
"Harry Potter and the Half-Blood Prince, Book 6","J.K. Rowling",,,,,
"Outlander: Outlander, Book 1","Diana Gabaldon",,,,,
"Kingdom Hearts Character Files","Square Enix","1506725783","978-1506725789","Dark Horse Books (9 Noviembre 2021)","224 páginas","https://images-na.ssl-images-amazon.com/images/I/51szCnamSoS._SX352_BO1,204,203,200_.jpg"
"Mushoku Tensei: Jobless Reincarnation (Light Novel) Vol. 14","Shirotaka",,,"Airship (Seven Seas) (25 Noviembre 2021)",,
"Written in My Own Heart's Blood: Outlander, Book 8","Diana Gabaldon",,,,,
"A Crown of Swords: Book Seven of The Wheel of Time","Robert Jordan",,,,,
"His Majesty's Dragon: Book One of the Temeraire",,,,"Del Rey; Reissue edición (28 Marzo 2006)",,
"Dellia (The Ever-Branching Tree)",,"1645710009","978-1645710004","Meerdon Publishing (17 Julio 2019)","654 páginas","https://images-na.ssl-images-amazon.com/images/I/51h52EUCtsL._SX331_BO1,204,203,200_.jpg"
"Words of Radiance: The Stormlight Archive, Book 2","Brandon Sanderson",,,,,
"The Wisdom of Crowds","Joe Abercrombie",,,,,
"The Jasmine Throne","Tasha Suri",,,,,
"Frank Herbert's Dune Saga 3-Book Boxed Set: Dune, Dune Messiah, and Children of Dune",,"0593201892","978-0593201893","Ace (25 Agosto 2020)",,"https://images-na.ssl-images-amazon.com/images/I/41QU8luevvL._SX366_BO1,204,203,200_.jpg"
"Shadow Princess: Zodiac Academy, Book 4","Caroline Peckham",,,,,
"Final Fantasy XV: The Dawn of the Future","Jun Eishima","1646090004","978-1646090006","Square Enix Books (14 Julio 2020)","384 páginas","https://images-na.ssl-images-amazon.com/images/I/41bNKrdOXQL._SX327_BO1,204,203,200_.jpg"
"Zodiac Academy 6: Fated Throne",,,,,,
"New Spring: The Wheel of Time Prequel","Robert Jordan",,,,,
"A Thousand Li: The Second Storm: A Xianxia Fantasy Epic",,,,"Starlit Publishing (1 Diciembre 2021)",,
"An Outcast in Another World 2: A Fantasy LitRPG Adventure (Book 2 - Shared Insanity)",,,,,,
"A Court of Frost and Starlight (A Court of Thorns and Roses Book 4)",,,,"Bloomsbury Publishing; 1er edición (1 Mayo 2018)",,
"Chronicles of Narnia Box Set",,"0061992887","978-0061992889","HarperCollins; Media tie-in edición (26 Octubre 2010)","1662 páginas","https://images-na.ssl-images-amazon.com/images/I/51HWQhWuSnL._SX354_BO1,204,203,200_.jpg"
"Coraline (Spanish Edition)",,"9788498382372","978-8498382372","Salamandra; 026 edición (28 Mayo 2009)","160 páginas","https://images-na.ssl-images-amazon.com/images/I/519kO0ui-ML._SY291_BO1,204,203,200_QL40_FMwebp_.jpg"
"Luna nueva / New Moon (La Saga Crepusculo / The Twilight Saga) (Spanish Edition)",,"6073150512","978-6073150514","Debolsillo (19 Enero 2021)","576 páginas","https://images-na.ssl-images-amazon.com/images/I/41EdxzxyYpL._SY291_BO1,204,203,200_QL40_FMwebp_.jpg"
"Recopilación tabú de médicos gays: Steamy Filled By Hard - Primer trío MMM - Secreto áspero Forzado - Grupo tabú de adultos (Doctor libro de fantasía prohibido) (Spanish Edition)","Tefgd Nyström",,,,,
"Harry Potter y el cáliz de fuego (Harry Potter 4)","J.K. Rowling",,,,,
"Vecinos Historias de sexo a la hora de dormir: Placer sucio al aire libre - Menage hardcore sucio - Seducción de montar a caballo - ¡Libro de fantasías ... salvaje y muchos más! (Spanish Edition)","Archdfie Ford",,,,,
"Magnus Chase and the Gods of Asgard Paperback Boxed Set",,"1484780620","978-1484780626","Disney-Hyperion (2 Abril 2019)","1584 páginas","https://images-na.ssl-images-amazon.com/images/I/51JwLU+IFkL._SX343_BO1,204,203,200_.jpg"
"Harry Potter and the Half-Blood Prince, Book 6","J.K. Rowling",,,,,
"Quidditch a través de los tiempos. Edición ilustrada / Quidditch Through the Ages: The Illustrated Edition (UN LIBRO DE LA BIBLIOTECA DE HOGWARTS [EDICIÓN ILUSTRADA]) (Spanish Edition)","Emily Gravett","8418174137","978-8418174131","Salamandra Infantil y Juvenil; 001 edición (23 Febrero 2021)","160 páginas","https://images-na.ssl-images-amazon.com/images/I/51iSvPXmB4L._SX258_BO1,204,203,200_.jpg"
"Harry Potter and the Sorcerer's Stone, Book 1","J.K. Rowling",,,,,
"Fazbear Frights Four Book Box Set: An AFK Book Series (Five Nights At Freddy's)","Elley Cooper","1338715801","978-1338715804","AFK (1 Septiembre 2020)",,"https://images-na.ssl-images-amazon.com/images/I/51WvVsP+-3L._SX258_BO1,204,203,200_.jpg"
"Trilogía Nacidos de la bruma [Mistborn] (pack con: El imperio final | El Pozo de la ascensión | El héroe de las eras): La serie de fantasía épica que ha conquistado el mundo (Spanish Edition)",,,,"NOVA (10 Julio 2019)",,
"La pirámide roja (Las cronicas de los Kane) (Spanish Edition)",,"8484417557","978-8484417552","Montena; 015 edición (23 Julio 2019)","480 páginas","https://images-na.ssl-images-amazon.com/images/I/51I6ENwC-aL._SX349_BO1,204,203,200_.jpg"
"La vida que no elegi (Spanish Edition)",,"1533390207","978-1533390202","CreateSpace Independent Publishing Platform; 1er edición (16 Abril 2016)","205 páginas","https://images-na.ssl-images-amazon.com/images/I/41opUox0ouL._SX331_BO1,204,203,200_.jpg"
"Flor de invierno: Libro juvenil de Aventuras, Suspense y Fantasía (a partir de 12 años) (Piedras Verdes nº 2) (Spanish Edition)",,,,,,
"Peter Pan (MinaLima Edition) (lllustrated with Interactive Elements)",,"0062362224","978-0062362223","Harper Design; Illustrated edición (2 Junio 2015)","256 páginas","https://images-na.ssl-images-amazon.com/images/I/51Y3qO8HF2S._SX317_BO1,204,203,200_.jpg"
"Harry Potter: Film Vault: The Complete Series: Special Edition Boxed Set",,"1647221080","978-1647221089","Insight Editions; Special edición (7 Diciembre 2021)","768 páginas","https://images-na.ssl-images-amazon.com/images/I/51QlqqKydoL._SX258_BO1,204,203,200_.jpg"
"El Señor de los Anillos 2 (Movie Ed): Las dos Torres (Senor de los Anillos) (Spanish Edition)",,"6070712730","978-6070712739","Booket (13 Noviembre 2012)","480 páginas","https://images-na.ssl-images-amazon.com/images/I/51slbpKPmFL._SX327_BO1,204,203,200_.jpg"
"El ladrón del rayo/ The Lightning Thief (Percy Jackson y los dioses del olimpo / Percy Jackson and the Olympians) (Spanish Edition)",,"8498386268","978-8498386264","Salamandra; 022 edición (4 Diciembre 2014)","285 páginas","https://images-na.ssl-images-amazon.com/images/I/516iy4Kb5AL._SX312_BO1,204,203,200_.jpg"
"Fantasy Island: Colonialism, Exploitation, and the Betrayal of Puerto Rico",,"1568588992","978-1568588995","Bold Type Books; Illustrated edición (10 Septiembre 2019)","352 páginas","https://images-na.ssl-images-amazon.com/images/I/517dmXR3A4L._SX321_BO1,204,203,200_.jpg"
"Harry Potter and the Chamber of Secrets, Book 2","J.K. Rowling",,,,,
"Harry Potter and the Order of the Phoenix, Book 5","J.K. Rowling",,,,,
"Tercer viaje al Reino de la Fantasía: ¡Libro con olores! (Geronimo Stilton) (Spanish Edition)","Gerónimo Stilton","8408081217","978-8408081210","Destino Infantil & Juvenil; 1ª ed 1ª imp edición (21 Octubre 2008)","390 páginas","https://images-na.ssl-images-amazon.com/images/I/51IYL6AI1TL._SX329_BO1,204,203,200_.jpg"
"Harry Potter and the Chamber of Secrets (MinaLima Edition) (Illustrated edition) (2)","J. K. Rowling","1338716530","978-1338716535","Scholastic Inc.; Illustrated edición (26 Octubre 2021)","400 páginas","https://images-na.ssl-images-amazon.com/images/I/51LIbvlkGVL._SX308_BO1,204,203,200_.jpg"
"Harry Potter and the Prisoner of Azkaban, Book 3","J.K. Rowling",,,,,
"Seduciendo al Vampiro (6 Libros En 1) Colección Especial De Vampiros En Español: Libros de Novelas de Vampiros. Las mejores historias de Suspenso, Romance y Fantasía Paranormal (Spanish Edition)",,,"979-8609922205","Independently published (5 Febrero 2020)","679 páginas","https://images-na.ssl-images-amazon.com/images/I/519rhwr0HJL._SX331_BO1,204,203,200_.jpg"
"Songs of Valor (Libri Valoris Book 2)",,,,"New Mythology Press (16 Marzo 2021)",,
"The Legend of Zelda: Hyrule Historia","Patrick Thorpe","1616550414","978-1616550417","Dark Horse Books; 5th Printing edición (29 Enero 2013)","280 páginas","https://images-na.ssl-images-amazon.com/images/I/510D-hz9wuL._SX375_BO1,204,203,200_.jpg"
"Harry Potter and the Goblet of Fire, Book 4","J.K. Rowling",,,,,
"The Heroes of Olympus Hardcover Boxed Set","John Rocco","1484720725","978-1484720721","Disney-Hyperion; Box edición (7 Octubre 2014)","2404 páginas","https://images-na.ssl-images-amazon.com/images/I/51eRZIicTyL._SY339_BO1,204,203,200_.jpg"
"100 Books You Must Read Before You Die [volume 2]","Oscar Wilde",,,"KTHTK (3 Diciembre 2021)",,
"Danza de dragones / Dance of Dragons: Cancion De Hielo Y Fuego V (Spanish Edition)",,"0307951227","978-0307951229","Vintage Espanol; Illustrated edición (25 Septiembre 2012)","1136 páginas","https://images-na.ssl-images-amazon.com/images/I/51+2qIxIVTL._SX322_BO1,204,203,200_.jpg"
"El camino de los reyes [The Way of Kings]: El Archivo de las Tormentas 1 [The Stormlight Archive, Book 1]","Brandon Sanderson",,,,,
"Naruto: The Official Character Data Book",,"9781421541259","978-1421541259","VIZ Media LLC; Shonen Jump Profiles ed. edición (10 Enero 2012)","360 páginas","https://images-na.ssl-images-amazon.com/images/I/51PqnJfjLXL._SX314_BO1,204,203,200_.jpg"
"Libriomancer: Magic ex Libris, Book 1","Jim C. Hines",,,,,
"The City of Mist: Stories","Carlos Ruiz Zafon","0063118092","978-0063118096","Harper Perennial (23 Noviembre 2021)","176 páginas","https://images-na.ssl-images-amazon.com/images/I/41zZaYHPqXL._SX330_BO1,204,203,200_.jpg"
"Expedition: Being an Account in Words and Artwork of the 2358 A.D. Voyage to Darwin IV",,"1635619513","978-1635619515","Echo Point Books & Media; Reprint ed. edición (9 Octubre 2020)","196 páginas","https://images-na.ssl-images-amazon.com/images/I/5104xaewTOL._SX367_BO1,204,203,200_.jpg"
"The Song of Achilles: A Novel",,"0062060627","978-0062060624","Ecco; 37696th edición (28 Agosto 2012)","416 páginas","https://images-na.ssl-images-amazon.com/images/I/514aE49swxL._SX330_BO1,204,203,200_.jpg"
"Trials of Apollo, The 5-Book Hardcover Boxed Set",,"1484780639","978-1484780633","Disney-Hyperion (6 Octubre 2020)","1600 páginas","https://images-na.ssl-images-amazon.com/images/I/513E513io6L._SY380_BO1,204,203,200_.jpg"
"Primer verano en Piedras Verdes: novela juvenil de aventuras, suspense y fantasia (Volume 1) (Spanish Edition)",,"1515085392","978-1515085393","CreateSpace Independent Publishing Platform; 1er edición (23 Septiembre 2015)","264 páginas","https://images-na.ssl-images-amazon.com/images/I/41UzF9pKTPS._SY291_BO1,204,203,200_QL40_FMwebp_.jpg"
"The Hobbit: Or There and Back Again (Lord of the Rings)",,,,"Mariner Books (15 Febrero 2012)",,
"Scholastic Harry Potter - Caja rígida para libros (1-7)",,"1408868377","978-1408868379","Educa Books (8 Octubre 2015)","3872 páginas","https://images-na.ssl-images-amazon.com/images/I/51cfkBej8tL._SY280_BO1,204,203,200_.jpg"
"The Handmaid's Tale",,"038549081X","978-0385490818","Knopf Doubleday Publishing Group; 1st Anchor Books edición (16 Marzo 1998)","311 páginas","https://images-na.ssl-images-amazon.com/images/I/41p0u2G9hbL._SY291_BO1,204,203,200_QL40_FMwebp_.jpg"
"The Lord of the Rings Illustrated Edition",,"0358653037","978-0358653035","Mariner Books; Illustrated edición (2 Noviembre 2021)","1248 páginas","https://images-na.ssl-images-amazon.com/images/I/41vN31PD7SL._SX323_BO1,204,203,200_.jpg"
"Serena Valentino's Villains 3 PBK Box Set",,"1368076920","978-1368076920","Disney-Hyperion (7 Septiembre 2021)","1376 páginas","https://images-na.ssl-images-amazon.com/images/I/41FwAd-UNcL._SX258_BO1,204,203,200_.jpg"
"El único conflicto: Una fantasía urbana sobre la lucha entre ángeles y demonios. (Conflictos universales nº 4) (Spanish Edition)",,,,,,
"Hush, Hush (Spanish Edition)",,"8420434078","978-8420434070","Alfaguara Juvenil; 001 edición (23 Abril 2019)","368 páginas","https://images-na.ssl-images-amazon.com/images/I/41lmsZbKgnL._SY291_BO1,204,203,200_QL40_FMwebp_.jpg"
"Harry Potter and the Cursed Child, Parts One and Two: The Official Playscript of the Original West End Production: The Official Script Book of the Original West End Production",,"133821666X","978-1338216660","Arthur A. Levine Books (25 Julio 2017)","336 páginas","https://images-na.ssl-images-amazon.com/images/I/51yWqfmEZxL._SX332_BO1,204,203,200_.jpg"
"Codex Born: Magic ex Libris, Book 2","Jim C. Hines",,,,,
"La prisionera del Dragón: Colección romántica y erótica de libros en Español, sobre sexo y fantasía (Spanish Edition)","Lea Larsen","9657775809","978-9657775806","Zionseed impressions (4 Mayo 2020)","388 páginas","https://images-na.ssl-images-amazon.com/images/I/41UwYZQvZTL._SX311_BO1,204,203,200_.jpg"
"The Lion, the Witch, and the Wardrobe: The Chronicles of Narnia","Michael York",,,,,
"Harry Potter y la Orden del Fénix / Harry Potter and the Order of the Phoenix (Spanish Edition)",,"1644732114","978-1644732113","Salamandra Bolsillo; Translation edición (23 Junio 2020)","928 páginas","https://images-na.ssl-images-amazon.com/images/I/51FnroXDPNL._SX313_BO1,204,203,200_.jpg"
"Brujas anónimas - Libro I - El comienzo: Una fantasía urbana en las calles de Buenos Aires. (Spanish Edition)",,,,,,
"Citónica [Cytonic]: Escuadrón 3 [The Skyward Series, Book 3]","Brandon Sanderson",,,,,
"Mister Impossible (The Dreamer Trilogy #2) (2)",,"1338188364","978-1338188363","Scholastic Press (18 Mayo 2021)","352 páginas","https://images-na.ssl-images-amazon.com/images/I/513oNTU4TJL._SX329_BO1,204,203,200_.jpg"
"Dinastía de las Sombras (Oferta Especial 3 Libros En 1) Colección Especial De Vampiros En Español: Libros de Novelas de Vampiros. Las mejores ... y Fantasía Paranormal (Spanish Edition)",,,"979-8615416187","Independently published (18 Febrero 2020)","384 páginas","https://images-na.ssl-images-amazon.com/images/I/51JnKReGu7L._SX331_BO1,204,203,200_.jpg"
"The Lost Hero (Heroes of Olympus, Book 1)",,"9781423113393","978-1423113393","Disney-Hyperion; 1st edición (12 Octubre 2010)","576 páginas","https://images-na.ssl-images-amazon.com/images/I/51FPnr3sC4L._SX332_BO1,204,203,200_.jpg"
"Sinsajo (Los Juegos del Hambre 3) (Hunger Games, 3) (Spanish Edition)",,"8427202148","978-8427202146","Molino; 1ª ed 1ª imp edición (15 Marzo 2012)","432 páginas","https://images-na.ssl-images-amazon.com/images/I/41Ucpdvdq8L._SX328_BO1,204,203,200_.jpg"
"La Dama de la Ciudadela (Battle Shore) (Spanish Edition)",,,"979-8655011410","Independently published (19 Junio 2020)","373 páginas","https://images-na.ssl-images-amazon.com/images/I/41KJoVDySeS._SX331_BO1,204,203,200_.jpg"
"A Game of Thrones / A Clash of Kings / A Storm of Swords / A Feast of Crows / A Dance with Dragons",,"0345535529","978-0345535528","Bantam; Media Tie In edición (29 Octubre 2013)",,"https://images-na.ssl-images-amazon.com/images/I/61iRBvRYEcL._SX218_BO1,204,203,200_QL40_FMwebp_.jpg"
"Percy Jackson and the Olympians 5 Book Paperback Boxed Set (new covers w/poster) (Percy Jackson & the Olympians)","John Rocco","1484707230","978-1484707234","Disney-Hyperion; Box Pap/Ps edición (3 Junio 2014)","1840 páginas","https://images-na.ssl-images-amazon.com/images/I/41d3Xl4fSFS._SY498_BO1,204,203,200_.jpg"
"El Libro De Las Sombras Contadas (Vol. 1)","Joana Claverol",,,"Timun Mas (1 Enero 2001)","375 páginas","https://images-na.ssl-images-amazon.com/images/I/51FHx+xdTxL._SX339_BO1,204,203,200_.jpg"
"Harry Potter y la cámara secreta / Harry Potter and the Chamber of Secrets (Spanish Edition)",,"1644732084","978-1644732083","Salamandra Bolsillo; Translation edición (23 Junio 2020)","320 páginas","https://images-na.ssl-images-amazon.com/images/I/51T4v-i0PqL._SY291_BO1,204,203,200_QL40_FMwebp_.jpg"
"The Alchemist, 25th Anniversary: A Fable About Following Your Dream",,"0062315005","978-0062315007","HarperOne; 25th ed. edición (15 Abril 2014)","208 páginas","https://images-na.ssl-images-amazon.com/images/I/51kcX5PpaZL._SX329_BO1,204,203,200_.jpg"
"Harry Potter and the Goblet of Fire, Book 4","J.K. Rowling",,,,,
"Codex Born: Magic ex Libris, Book 2","Jim C. Hines",,,,,
"La prisionera del Dragón: Colección romántica y erótica de libros en Español, sobre sexo y fantasía (Spanish Edition)","Lea Larsen","9657775809","978-9657775806","Zionseed impressions (4 Mayo 2020)","388 páginas","https://images-na.ssl-images-amazon.com/images/I/41UwYZQvZTL._SX311_BO1,204,203,200_.jpg"
"Harry Potter y la Orden del Fénix / Harry Potter and the Order of the Phoenix (Spanish Edition)",,"1644732114","978-1644732113","Salamandra Bolsillo; Translation edición (23 Junio 2020)","928 páginas","https://images-na.ssl-images-amazon.com/images/I/51FnroXDPNL._SX313_BO1,204,203,200_.jpg"
"Brujas anónimas - Libro I - El comienzo: Una fantasía urbana en las calles de Buenos Aires. (Spanish Edition)",,,,,,
"El libro de todos los libros (Spanish Edition)","Federico Pallaro",,,,,
"Mister Impossible (The Dreamer Trilogy #2) (2)",,"1338188364","978-1338188363","Scholastic Press (18 Mayo 2021)","352 páginas","https://images-na.ssl-images-amazon.com/images/I/513oNTU4TJL._SX329_BO1,204,203,200_.jpg"
"Dinastía de las Sombras (Oferta Especial 3 Libros En 1) Colección Especial De Vampiros En Español: Libros de Novelas de Vampiros. Las mejores ... y Fantasía Paranormal (Spanish Edition)",,,"979-8615416187","Independently published (18 Febrero 2020)","384 páginas","https://images-na.ssl-images-amazon.com/images/I/51JnKReGu7L._SX331_BO1,204,203,200_.jpg"
"Sinsajo (Los Juegos del Hambre 3) (Hunger Games, 3) (Spanish Edition)",,"8427202148","978-8427202146","Molino; 1ª ed 1ª imp edición (15 Marzo 2012)","432 páginas","https://images-na.ssl-images-amazon.com/images/I/41Ucpdvdq8L._SX328_BO1,204,203,200_.jpg"
"La Dama de la Ciudadela (Battle Shore) (Spanish Edition)",,,"979-8655011410","Independently published (19 Junio 2020)","373 páginas","https://images-na.ssl-images-amazon.com/images/I/41KJoVDySeS._SX331_BO1,204,203,200_.jpg"
"A Game of Thrones / A Clash of Kings / A Storm of Swords / A Feast of Crows / A Dance with Dragons",,"0345535529","978-0345535528","Bantam; Media Tie In edición (29 Octubre 2013)",,"https://images-na.ssl-images-amazon.com/images/I/61iRBvRYEcL._SY498_BO1,204,203,200_.jpg"
"Il buio della verità (Mondi Alternativi) (Italian Edition)",,,,"BLITOS EDIZIONI; 1er edición (3 Diciembre 2021)",,
"Percy Jackson and the Olympians 5 Book Paperback Boxed Set (new covers w/poster) (Percy Jackson & the Olympians)","John Rocco","1484707230","978-1484707234","Disney-Hyperion; Box Pap/Ps edición (3 Junio 2014)","1840 páginas","https://images-na.ssl-images-amazon.com/images/I/41d3Xl4fSFS._SY498_BO1,204,203,200_.jpg"
"El Libro De Las Sombras Contadas (Vol. 1)","Joana Claverol",,,"Timun Mas (1 Enero 2001)","375 páginas","https://images-na.ssl-images-amazon.com/images/I/51FHx+xdTxL._SX339_BO1,204,203,200_.jpg"
"Harry Potter y la cámara secreta / Harry Potter and the Chamber of Secrets (Spanish Edition)",,"1644732084","978-1644732083","Salamandra Bolsillo; Translation edición (23 Junio 2020)","320 páginas","https://images-na.ssl-images-amazon.com/images/I/51T4v-i0PqL._SX313_BO1,204,203,200_.jpg"
"El retorno de Apotek: Ciencia ficción y fantasía (Spanish Edition)","Paco Leal",,,,,
"Demon Slayer: Kimetsu no Yaiba, Vol. 4 (4)",,"1974700550","978-1974700554","VIZ Media LLC; Illustrated edición (1 Enero 2019)","192 páginas","https://images-na.ssl-images-amazon.com/images/I/51syXuShb1L._SX331_BO1,204,203,200_.jpg"
"100 Books You Must Read Before You Die [volume 2]","Oscar Wilde",,,"KTHTK (3 Diciembre 2021)",,
"Harry Potter Film Wizardry: Updated Edition: From the Creative Team Behind the Celebrated Movie Series",,"0062878948","978-0062878946","Harper Design; Illustrated edición (13 Noviembre 2018)","172 páginas","https://images-na.ssl-images-amazon.com/images/I/517XNFw49mL._SX258_BO1,204,203,200_.jpg"
"Asesino de brujas. Volumen 3 (Spanish Edition)",,,,"Puck (19 Octubre 2021)",,
"Harry Potter: A Pop-Up Book",,"9781608870080","978-1608870080","Insight Editions; Pop edición (16 Noviembre 2010)","12 páginas","https://images-na.ssl-images-amazon.com/images/I/51tshNuQUwL._SX218_BO1,204,203,200_QL40_FMwebp_.jpg"
"Harry Potter and the Goblet of Fire: The Illustrated Edition (Harry Potter, Book 4) (Illustrated edition) (4)","Jim Kay","0545791421","978-0545791427","Arthur A. Levine Books; Illustrated edición (8 Octubre 2019)","464 páginas","https://images-na.ssl-images-amazon.com/images/I/61Me3ePpM9L._SX421_BO1,204,203,200_.jpg"
"The City of Mist: Stories","Carlos Ruiz Zafon","0063118092","978-0063118096","Harper Perennial (23 Noviembre 2021)","176 páginas","https://images-na.ssl-images-amazon.com/images/I/41zZaYHPqXL._SX330_BO1,204,203,200_.jpg"
"Demon Slayer: Kimetsu no Yaiba, Vol. 22 (22)",,"1974723410","978-1974723416","VIZ Media LLC (1 Junio 2021)","192 páginas","https://images-na.ssl-images-amazon.com/images/I/51wwlOFu3nL._SY291_BO1,204,203,200_QL40_FMwebp_.jpg"
"Unicornios con Mandalas Libro de Colorear para Adultos: Arte de unicornio mágico - Libro de colorear de fantasía para adultos Relajación - Alivio del ... adaptados para adolescentes (Spanish Edition)","Sybil Martin",,"979-8768571405","Independently published (16 Noviembre 2021)","103 páginas","https://images-na.ssl-images-amazon.com/images/I/51wHEKsm0CL._SX384_BO1,204,203,200_.jpg"
"Harry Potter and the Sorcerer's Stone: MinaLima Edition (Harry Potter, Book 1) (Illustrated edition) (1)","J. K. Rowling","1338596705","978-1338596700","Scholastic Inc.; Illustrated edición (20 Octubre 2020)","368 páginas","https://images-na.ssl-images-amazon.com/images/I/51P1Rfz5n3L._SX331_BO1,204,203,200_.jpg"
"Legendary (Caraval, 2) (Spanish Edition)","STEPHANIE GARBER","8417854258","978-8417854256","Puck (21 Diciembre 2021)","480 páginas","https://images-na.ssl-images-amazon.com/images/I/51uv631NzPS._SX315_BO1,204,203,200_.jpg"
"The Hobbit: Or There and Back Again (Lord of the Rings)",,,,"Mariner Books (15 Febrero 2012)",,
"Las puertas de la Casa de la Muerte (Malaz: El Libro de los Caídos 2) (Spanish Edition)",,,,"B DE BOOKS (6 Septiembre 2017)",,
"The Handmaid's Tale",,"038549081X","978-0385490818","Knopf Doubleday Publishing Group; 1st Anchor Books edición (16 Marzo 1998)","311 páginas","https://images-na.ssl-images-amazon.com/images/I/41p0u2G9hbL._SX322_BO1,204,203,200_.jpg"
"Solo Leveling, Vol. 2 (comic) (Solo Leveling (comic), 2)","Chugong","1975319451","978-1975319458","Yen Press (20 Julio 2021)","192 páginas","https://images-na.ssl-images-amazon.com/images/I/51KWybZigKS._SX346_BO1,204,203,200_.jpg"
"El caballero de los siete reinos / Knight of the Seven Kingdoms (A Vintage Español Original) (Spanish Edition)",,"1101912278","978-1101912270","Vintage Espanol (21 Abril 2015)","368 páginas","https://images-na.ssl-images-amazon.com/images/I/51Z9m66tPCL._SY291_BO1,204,203,200_QL40_FMwebp_.jpg"
"Orígenes Helados: (El Sendero del Guardabosques, Libro 11) (Spanish Edition)",,,,,,
"Harry Potter and the Cursed Child, Parts One and Two: The Official Playscript of the Original West End Production: The Official Script Book of the Original West End Production",,"133821666X","978-1338216660","Arthur A. Levine Books (25 Julio 2017)","336 páginas","https://images-na.ssl-images-amazon.com/images/I/51yWqfmEZxL._SX332_BO1,204,203,200_.jpg"
"Arcanum Unbounded: The Cosmere Collection","Brandon Sanderson",,,,,
"The Lion, the Witch, and the Wardrobe: The Chronicles of Narnia","Michael York",,,,,
"Una corte de niebla y furia: Una corte de rosas y espinas 2 (Ficción) (Spanish Edition)","Márgara Averbach","8408170007","978-8408170006","Crossbooks (30 Mayo 2017)","592 páginas","https://images-na.ssl-images-amazon.com/images/I/51xgaYr07vL._SX325_BO1,204,203,200_.jpg"
"Miss Peregrine's Peculiar Children Boxed Set",,"159474890X","978-1594748905","Quirk Books (20 Octubre 2015)","1216 páginas","https://images-na.ssl-images-amazon.com/images/I/41URFjAa5uL._SX258_BO1,204,203,200_.jpg"
"Citónica [Cytonic]: Escuadrón 3 [The Skyward Series, Book 3]","Brandon Sanderson",,,,,
"When Valor Must Hold (Libri Valoris Book 1)",,,,"New Mythology Press (16 Marzo 2020)",,
"Jerusalén: Caballo de Troya 1","J. J. Benítez",,,,,
"The Lost Hero (Heroes of Olympus, Book 1)",,"9781423113393","978-1423113393","Disney-Hyperion; 1st edición (12 Octubre 2010)","576 páginas","https://images-na.ssl-images-amazon.com/images/I/51FPnr3sC4L._SX332_BO1,204,203,200_.jpg"
"[EDICIÓN ILUSTRADA] LOS DESCUBRIMIENTOS DE ISAAC ARQUE: criaturas mágicas, LGBTIQ+ y Asperger (Bestiarios) (Spanish Edition)",,,"979-8543793961","Independently published (31 Julio 2021)","584 páginas","https://images-na.ssl-images-amazon.com/images/I/51dFuUUS54L._SX331_BO1,204,203,200_.jpg"
"El principito (Spanish)","Antoine de Saint-Exupéry","0156013924","978-0156013925","Mariner Books (4 Septiembre 2001)","96 páginas","https://images-na.ssl-images-amazon.com/images/I/51hyi0j5BJL._SX331_BO1,204,203,200_.jpg"
"Ladrón de Almas (Crónicas del Horizonte nº 1) (Spanish Edition)",,,,,,
"The Infernal Devices, the Complete Collection: Clockwork Angel; Clockwork Prince; Clockwork Princess",,"1481456601","978-1481456609","Margaret K. McElderry Books; Boxed Set edición (1 Septiembre 2015)","1760 páginas","https://images-na.ssl-images-amazon.com/images/I/51AOc8NwkSL._SX258_BO1,204,203,200_.jpg"
"GÉNESIS BAJO LA LUNA (Los cuadernos del Lobo) (Spanish Edition)",,"1790145198","978-1790145195","Independently published (21 Noviembre 2018)","276 páginas","https://images-na.ssl-images-amazon.com/images/I/41QCswk81GL._SX331_BO1,204,203,200_.jpg"
"The Alchemist, 25th Anniversary: A Fable About Following Your Dream",,"0062315005","978-0062315007","HarperOne; 25th ed. edición (15 Abril 2014)","208 páginas","https://images-na.ssl-images-amazon.com/images/I/51kcX5PpaZL._SX329_BO1,204,203,200_.jpg"
"Un bosque confuso: Una fantasía mágica sobre profecía y destino. (El reino entre las nieblas nº 2) (Spanish Edition)",,,,,,
"Trono de cristal / Throne of Glass (Spanish Edition)",,"6073143710","978-6073143714","Alfaguara Juvenil (26 Julio 2016)","536 páginas","https://images-na.ssl-images-amazon.com/images/I/51ydSCMtcML._SY291_BO1,204,203,200_QL40_FMwebp_.jpg"
"The Moonlight Child",,,,"NIGHTSKY PRESS (10 Septiembre 2020)",,
"Juego de tronos (Spanish Edition)",,"0307951189","978-0307951182","Vintage Espanol; Media tie-in edición (1 Mayo 2012)","800 páginas","https://images-na.ssl-images-amazon.com/images/I/51a2o1Ku-YL._SX322_BO1,204,203,200_.jpg"
"The Art of Star Wars: Galaxy’s Edge","Scott Trowbridge","1419750127","978-1419750120","Abrams (27 Abril 2021)","256 páginas","https://images-na.ssl-images-amazon.com/images/I/51zxrQbYIzL._SY460_BO1,204,203,200_.jpg"
"Emma y las otras señoras del narco / Emma and Other Narco Women (Spanish Edition)","Anabel Hernandez","164473463X","978-1644734636","Grijalbo (11 Enero 2022)","312 páginas","https://images-na.ssl-images-amazon.com/images/I/51tqnX5cwdL._SY291_BO1,204,203,200_QL40_FMwebp_.jpg"
"A Game of Thrones: A Song of Ice and Fire, Book 1","Roy Dotrice",,,,,
"Harry Potter and the Deathly Hallows, Book 7","J.K. Rowling",,,,,
"Scythe (1) (Arc of a Scythe)",,"144247243X","978-1442472433","Simon & Schuster Books for Young Readers; Reprint edición (28 Noviembre 2017)","464 páginas","https://images-na.ssl-images-amazon.com/images/I/41OrFKaSzKL._SX330_BO1,204,203,200_.jpg"
"Cassandra Clare Set 7 Books Collection Mortal Instruments Series",,"1406393282","978-1406393286","Walker Books (1 Enero 2019)",,"https://images-na.ssl-images-amazon.com/images/I/51CUP3yBzBL._SX258_BO1,204,203,200_.jpg"
"Alas de Traición: Saga Memorias de Nâgar 2 (Spanish Edition)","M. Salazar",,,,,
"The Book Thief",,,,"Knopf Books for Young Readers; First edición (18 Diciembre 2007)",,
"Ruina y ascenso (Spanish Edition)","Leigh Bardugo","8418002514","978-8418002519","Lectorum Publications; 1er edición (1 Noviembre 2019)","480 páginas","https://images-na.ssl-images-amazon.com/images/I/51yOKeZVh1L._SX315_BO1,204,203,200_.jpg"
"Libris Mortis: The Book of the Undead (Dungeons & Dragons d20 3.5 Fantasy Roleplaying)",,"0786934336","978-0786934331","Wizards of the Coast; 0 edición (8 Octubre 2004)","192 páginas","https://images-na.ssl-images-amazon.com/images/I/61WMwv0aKsL._SY291_BO1,204,203,200_QL40_FMwebp_.jpg"
"Attack on Titan 1",,"9781612620244","978-1612620244","Kodansha Comics; Illustrated edición (19 Junio 2012)","208 páginas","https://images-na.ssl-images-amazon.com/images/I/51ywmxi7JVL._SX331_BO1,204,203,200_.jpg"
"Coraline (edición ilustrada) / Coraline. (Illustrated Edition) (Spanish Edition)","Neil Gaiman","841863703X","978-8418637032","Salamandra Infantil y Juvenil; 001 edición (18 Enero 2022)","176 páginas","https://images-na.ssl-images-amazon.com/images/I/41H0zM0NP4L._SX368_BO1,204,203,200_.jpg"
"Temptation (The Hunted Series Book 1)",,,,"Loft Troll Ink (8 Abril 2015)",,
"The Resurrectionist: The Lost Work of Dr. Spencer Black",,"1594746168","978-1594746161","Quirk Books; Illustrated edición (21 Mayo 2013)","192 páginas","https://images-na.ssl-images-amazon.com/images/I/419kvKhJbRL._SY291_BO1,204,203,200_QL40_FMwebp_.jpg"
"The Lightning Thief: Percy Jackson and the Olympians, Book 1","Rick Riordan",,,,,
"Frank Herbert's Dune Saga Collection: Books 1 - 6",,,,"Ace (2 Junio 2020)",,
"Los Sombrífagos, El libro de fantasía, de terror, de ciencia ficción, juvenil y de magia: (La continuación del libro: La bola de ónix) (Spanish Edition)","Marek K. Polacek",,,,,
"A Thousand Li: the First Step: Book 1 Of A Xianxia Cultivation Series",,,,"Starlit Publishing (2 Abril 2019)",,
"L'Angelo Nero: Secondo Volume | Trilogia | libro fantasy (IL DOMINIO DEI MONDI VOL. II) (Italian Edition)",,,,"EnneA Publisher; 2nd edición (13 Septiembre 2016)",,
"Harry Potter Boxed Set: The Complete Collection Adult Paperback","J. K. Rowling","1408898659","978-1408898659",,"3872 páginas","https://images-na.ssl-images-amazon.com/images/I/51P205wQaVL._SY283_BO1,204,203,200_.jpg"
"Insurgente (Divergente) (Spanish Edition)","Pilar Ramírez Tello","8427203187","978-8427203181","Molino; 1ª ed., 1ª imp. edición (6 Septiembre 2012)","464 páginas","https://images-na.ssl-images-amazon.com/images/I/51Jmf8J6chL._SX328_BO1,204,203,200_.jpg"
"1984","Erich Fromm","9780451524935","978-0451524935","Signet Classic (1 Enero 1961)","","https://images-na.ssl-images-amazon.com/images/I/41DoIQLHzlL._SX268_BO1,204,203,200_.jpg"
"Red Queen (Red Queen, 1)",,"006231064X","978-0062310644","HarperTeen; Reprint edición (7 Junio 2016)","416 páginas","https://images-na.ssl-images-amazon.com/images/I/41pGJbuiTwL._SX330_BO1,204,203,200_.jpg"
"FGTeeV: The Switcheroo Rescue!","Miguel Díaz Rivas","0063093006","978-0063093003","HarperAlley (5 Abril 2022)","208 páginas","https://images-na.ssl-images-amazon.com/images/I/61RJEit6skL._SX385_BO1,204,203,200_.jpg"
"Renegados (Renegados / Renegades, 1) (Spanish Edition)","V&R Editoras","9877473836","978-9877473834","Lectorum Publications, Inc.; 1o. edición (1 Febrero 2018)","584 páginas","https://images-na.ssl-images-amazon.com/images/I/511RmXCY1xL._SX354_BO1,204,203,200_.jpg"
"La maldición del titán / The Titan's Curse (Percy Jackson y los dioses del olimpo / Percy Jackson and the Olympians) (Spanish Edition)",,"9788498386288","978-8498386288","Salamandra; 017 edición (15 Enero 2015)","280 páginas","https://images-na.ssl-images-amazon.com/images/I/51934vXH6yL._SX309_BO1,204,203,200_.jpg"
"The Unofficial Disney Parks Cookbook: From Delicious Dole Whip to Tasty Mickey Pretzels, 100 Magical Disney-Inspired Recipes (Unofficial Cookbook)",,"1507214510","978-1507214510","Adams Media (10 Noviembre 2020)","240 páginas","https://images-na.ssl-images-amazon.com/images/I/510WrswDt2L._SX382_BO1,204,203,200_.jpg"
"Throne of Glass","Sarah J. Maas",,,,,
"Crepúsculo / Twilight (La Saga Crepusculo / The Twilight Saga) (Spanish Edition)",,"8466332960","978-8466332965","Debolsillo; 001 edición (23 Octubre 2018)",,"https://images-na.ssl-images-amazon.com/images/I/31SaJ1gKHKL._SY291_BO1,204,203,200_QL40_FMwebp_.jpg"
"Harry Potter and the Philosopher's Stone: Illustrated Edition","ROWLING J.K.","1526602385","978-1526602381","BLOOMSBURY (11 Agosto 2018)",,"https://images-na.ssl-images-amazon.com/images/I/51mhv-z7rML._SX423_BO1,204,203,200_.jpg"
"Halo: The Great Journey...The Art of Building Worlds","Titan Books","0857685627","978-0857685629","Titan Books; Reprint edición (18 Octubre 2011)","192 páginas","https://images-na.ssl-images-amazon.com/images/I/51qLCVM2kvL._SX218_BO1,204,203,200_QL40_FMwebp_.jpg"
"Catalina y Sofía en el Mundo Subterráneo del Cusco: Una aventura mágica en Machu Picchu (Catalina y Sofia) (Spanish Edition)","JACKIE SAETTONE","6120044922","978-6120044926","CHICA LATINA; Chica Latina ed. edición (3 Agosto 2019)","68 páginas","https://images-na.ssl-images-amazon.com/images/I/41KUzPxnUDL._SX322_BO1,204,203,200_.jpg"
"Fire & Blood: 300 Years Before A Game of Thrones (A Targaryen History)","George R. R. Martin",,,,,
"Faeries of the Faultlines: Expanded, Edited Edition",,"1777081726","978-1777081720","Eye of Newt Books; Expanded edición (17 Agosto 2021)","176 páginas","https://images-na.ssl-images-amazon.com/images/I/512HyY9eRzL._SX258_BO1,204,203,200_.jpg"
"The House of Hades: The Heroes of Olympus, Book 4","Rick Riordan",,,,,
"ESTUCHE ESPECIAL - Trilogía Sombra y hueso (Spanish Edition)","Carlos Loscertales","8418002522","978-8418002526","Editorial Hidra; 1er edición (11 Noviembre 2019)","1200 páginas","https://images-na.ssl-images-amazon.com/images/I/51ur1Kt3y8L._SX349_BO1,204,203,200_.jpg"
"Crochet Cute Critters: 26 Easy Amigurumi Patterns",,"1641522305","978-1641522304","Rockridge Press (20 Agosto 2019)","140 páginas","https://images-na.ssl-images-amazon.com/images/I/51hclx977WL._SY498_BO1,204,203,200_.jpg"
"Il mistero delle foglie messaggere (Italian Edition)","Giuseppe Bordi",,,,,
"The Witches","Quentin Blake","0590032496","978-0142410110","Puffin Books; Illustrated edición (16 Agosto 2007)","224 páginas","https://images-na.ssl-images-amazon.com/images/I/51bDl2ipY2S._SX324_BO1,204,203,200_.jpg"
"How to Draw Anime ( Includes How to Draw Manga, Chibi, Body, Cartoon Faces ) Drawing Book How to Draw Anime and who lover Anime Coloring Book (How to Draw Anime and Manga)",,,"979-8714943089","Independently published (28 Febrero 2021)","129 páginas","https://images-na.ssl-images-amazon.com/images/I/51aQNnnEPFL._SX384_BO1,204,203,200_.jpg"
"Beginner's Guide to Sketching: Robots, Vehicles & Sci-fi Concepts",,"1909414778","978-1909414778","3DTotal Publishing (26 Febrero 2019)","216 páginas","https://images-na.ssl-images-amazon.com/images/I/513+B44V4tL._SY352_BO1,204,203,200_.jpg"
"El mar de los monstruos / The Sea Of Monsters (Percy Jackson y los dioses del olimpo / Percy Jackson and the Olympians) (Spanish Edition)",,"8498386276","978-8498386271","Salamandra; 019 edición (4 Diciembre 2014)","253 páginas","https://images-na.ssl-images-amazon.com/images/I/518zWkNaPNL._SY291_BO1,204,203,200_QL40_FMwebp_.jpg"
"UNA RAGAZZA CON I CAPELLI MARRONI: La storia dell'amore redentore (Italian Edition)","Andrea Dias",,,,,
"La promesa de una hechicera: Libro de fantasía juvenil en español (Yo, hechicera nº 1) (Spanish Edition)",,,,,,
"El Libro para colorear Disney Dreams collection Thomas Kinkade Alice Belleza Bestia",,"1449483186","978-1449483180","Andrews McMeel Publishing; Clr Csm edición (19 Septiembre 2017)","128 páginas","https://images-na.ssl-images-amazon.com/images/I/61MBc2ePDvL._SX380_BO1,204,203,200_.jpg"
"Flora and Ulysses: The Illuminated Adventures",,"0763687642","978-0763687649","Candlewick; Illustrated edición (13 Septiembre 2016)","256 páginas","https://images-na.ssl-images-amazon.com/images/I/51hqBOO4paL._SX334_BO1,204,203,200_.jpg"
"UNA CHICA DE PELO MARRON: La historia del amor redentor (Spanish Edition)","Andrea Dias",,,,,
"The Great Book of the Imaginary Animal Kingdom: 60 imaginary animals ready to frame",,,"979-8712372621","Independently published (22 Febrero 2021)","68 páginas","https://images-na.ssl-images-amazon.com/images/I/51AGixEtVjL._SX258_BO1,204,203,200_.jpg"
"El libro perdido (La Isla del Tiempo Plus) (Spanish Edition)",,,,"Destino Infantil & Juvenil (19 Mayo 2021)",,
"Balada de pájaros cantores y serpientes (Los Juegos del Hambre) (Spanish Edition)",,"8427220286","978-8427220287","LECTORUM PUBLICATIONS INC; 1ª ed. edición (3 Junio 2020)","592 páginas","https://images-na.ssl-images-amazon.com/images/I/41Qy09nlvEL._SX328_BO1,204,203,200_.jpg"
"Mushoku Tensei: Jobless Reincarnation (Light Novel) Vol. 13","Shirotaka",,,"Airship (Seven Seas) (23 Septiembre 2021)",,
"Tormenta de guerra: Reina roja 4 (La reina roja) (Spanish Edition)",,"607527703X","978-6075277035","Gran Travesia; Translation edición (1 Septiembre 2019)","776 páginas","https://images-na.ssl-images-amazon.com/images/I/41Wbo6alD9L._SX318_BO1,204,203,200_.jpg"
"Tuck Everlasting","Natalie Babbit","9780312369811","978-0312369811","Square Fish (21 Agosto 2007)","160 páginas","https://images-na.ssl-images-amazon.com/images/I/51eok-3tLcL._SX339_BO1,204,203,200_.jpg"
"Demon Slayer: Kimetsu no Yaiba, Vol. 23 (23)",,"1974723631","978-1974723638","VIZ Media LLC (3 Agosto 2021)","232 páginas","https://images-na.ssl-images-amazon.com/images/I/51mjhJ7MvAL._SX337_BO1,204,203,200_.jpg"
"Holes (Holes Series)","Vladimir Radunsky","0440414806","978-0440414803","Yearling (9 Mayo 2000)","233 páginas","https://images-na.ssl-images-amazon.com/images/I/51mC1v7eejL._SX258_BO1,204,203,200_.jpg"
"Memorias de Idhún: La Resistencia / Memories from Idhun: The Resistance: Libro I (Memorias de Idhun/ Memories of Idhun) (Spanish Edition)",,"0593082621","978-0593082621","Vintage Espanol (8 Diciembre 2020)","464 páginas","https://images-na.ssl-images-amazon.com/images/I/41NRntIboiL._SY291_BO1,204,203,200_QL40_FMwebp_.jpg"
"Principles of Creature Design: creating imaginary animals",,"162465021X","978-1624650215","Design Studio Press; Illustrated edición (28 Noviembre 2015)","224 páginas","https://images-na.ssl-images-amazon.com/images/I/51XN2iM9GrS._SX258_BO1,204,203,200_.jpg"
"Harry Potter y la piedra filosofal (Ed. Minalima) / Harry Potter and the Sorcerer's Stone: MinaLima Edition (Spanish Edition)","J.K. Rowling","8418174072","978-8418174070","Salamandra Infantil y Juvenil; 001 edición (23 Febrero 2021)","368 páginas","https://images-na.ssl-images-amazon.com/images/I/513J0jDP3oL._SX358_BO1,204,203,200_.jpg"
"Sol de medianoche / Midnight Sun (La Saga Crepusculo / The Twilight Saga) (Spanish Edition)",,"8420456594","978-8420456591","Alfaguara Juvenil; 001 edición (17 Noviembre 2020)","800 páginas","https://images-na.ssl-images-amazon.com/images/I/414JJpG8A5L._SY291_BO1,204,203,200_QL40_FMwebp_.jpg"
"Eclipse: The Twilight Saga, Book 3","Stephenie Meyer",,,,,
"El Señor de los Anillos I. La Comunidad del Anillo (Biblioteca J.R.R. Tolkien) (Spanish Edition)","Luis Domènech","8445000667","978-8445000663","Booket; 1er edición (18 Septiembre 2012)","576 páginas","https://images-na.ssl-images-amazon.com/images/I/51UdKQyH6jL._SX327_BO1,204,203,200_.jpg"
"Disney Dreams Collection Thomas Kinkade Studios Disney Princess Coloring Book",,"1524865559","978-1524865559","Andrews McMeel Publishing (15 Diciembre 2020)","96 páginas","https://images-na.ssl-images-amazon.com/images/I/51oAC8H-IDL._SX375_BO1,204,203,200_.jpg"
"Chronicles of Narnia Box Set",,"0061992887","978-0061992889","HarperCollins; Media tie-in edición (26 Octubre 2010)","1662 páginas","https://images-na.ssl-images-amazon.com/images/I/51HWQhWuSnL._SX354_BO1,204,203,200_.jpg"
"El libro perdido (Spanish Edition)",,"6070776976","978-6070776977","Planeta Publishing (27 Julio 2021)","416 páginas","https://images-na.ssl-images-amazon.com/images/I/51ORizW7jUS._SX356_BO1,204,203,200_.jpg"
"El dador (Giver Quartet) (Spanish Edition)",,"0358354749","978-0358354741","Clarion Books (3 Agosto 2021)","272 páginas","https://images-na.ssl-images-amazon.com/images/I/61dj6KNJzmL._SX334_BO1,204,203,200_.jpg"
"De sangre y cenizas (Spanish Edition)","JENNIFER ARMENTROUT","8417854312","978-8417854317","Puck (21 Diciembre 2021)","672 páginas","https://images-na.ssl-images-amazon.com/images/I/51E2-ITX4vS._SX315_BO1,204,203,200_.jpg"
"Mushoku Tensei: Jobless Reincarnation (Light Novel) Vol. 12","Shirotaka",,,"Airship (Seven Seas) (15 Julio 2021)",,
"Kull: Savage Sword The Original Marvel Years Omnibus","Ross Andru","1302926802","978-1302926809","Marvel (18 Mayo 2021)","952 páginas","https://images-na.ssl-images-amazon.com/images/I/51E4vWqINcL._SX332_BO1,204,203,200_.jpg"
"Harry Potter: Hogwarts Trunk Collectible Set","Donald Lemke","0762474734","978-0762474738","Running Press Adult (17 Agosto 2021)","128 páginas","https://images-na.ssl-images-amazon.com/images/I/511-i-MI6-S._SY379_BO1,204,203,200_.jpg"
"S.T.A.R. Labs: Cisco Ramon's Journal",,"1785651277","978-1785651274","Titan Books; Media Tie In edición (1 Mayo 2018)","160 páginas","https://images-na.ssl-images-amazon.com/images/I/51THtQR7NWL._SX362_BO1,204,203,200_.jpg"
"Favola della buonanotte : La vera storia delle Fate. Una favola da leggere al tuo bambino per aiutarlo a dormire e fare dei sogni fantastici.Una favola ... il valore dell'amicizia. (Italian Edition)","Ettore Venturelli",,,,,
"VIKINGO: Las Crónicas de Haakon el Cobarde (Spanish Edition)","Alfonso Solis",,"979-8709270411","Independently published (14 Febrero 2021)","467 páginas","https://images-na.ssl-images-amazon.com/images/I/51BXmUgOUYL._SX331_BO1,204,203,200_.jpg"
"Divergente (Spanish Edition)","Pilar Ramírez Tello","8427201184","978-8427201187","Molino; 1o. edición (13 Octubre 2011)","464 páginas","https://images-na.ssl-images-amazon.com/images/I/51ku+ECQZJL._SX329_BO1,204,203,200_.jpg"
"Crepúsculo. Vida y muerte [Twilight: Life and Death]: Décimo aniversario [10th Anniversary]","Stephenie Meyer",,,,,
"Harry Potter y el prisionero de Azkaban. Edición ilustrada / Harry Potter and the Prisoner of Azkaban: The Illustrated Edition (Spanish Edition)",,"8498388279","978-8498388275","Salamandra; Ill edición (29 Noviembre 2017)","326 páginas","https://images-na.ssl-images-amazon.com/images/I/513A5DOoPHL._SX258_BO1,204,203,200_.jpg"
"Harry Potter y el cáliz de fuego / Harry Potter and the Goblet of Fire (Spanish Edition)",,"1644732106","978-1644732106","Salamandra Bolsillo; Translation edición (23 Junio 2020)","672 páginas","https://images-na.ssl-images-amazon.com/images/I/514tIfF9DwL._SX313_BO1,204,203,200_.jpg"
"Il Viaggiatore dei Sogni (Italian Edition)","Valerio Malvezzi",,,,,
"Warriors Super Edition: Graystripe's Vow (Warriors Super Edition, 13)",,"006296304X","978-0062963048","HarperCollins (14 Septiembre 2021)","496 páginas","https://images-na.ssl-images-amazon.com/images/I/416LRnrfqxL._SX334_BO1,204,203,200_.jpg"
"Final Fantasy XIV: Shadowbringers -- The Art of Reflection -Histories Forsaken-","Square Enix","1646090616","978-1646090617","Square Enix Books; Illustrated edición (28 Julio 2020)","304 páginas","https://images-na.ssl-images-amazon.com/images/I/51cN+5079kL._SX351_BO1,204,203,200_.jpg"
"Fairest of All: A Tale of the Wicked Queen (Villains, 1)","Disney Books","1423106296","978-1423106296","Disney Press; Media tie-in edición (18 Agosto 2009)","256 páginas","https://images-na.ssl-images-amazon.com/images/I/31eZIjQ7KmL._SX218_BO1,204,203,200_QL40_FMwebp_.jpg"
"(6 Libros En 1) Corona de Fuego & La Furia y El Poder De Las Sombras: Colección De Vampiros En Español. Libros de Novelas de Vampiros. Las mejores historias ... y Fantasía Paranormal (Spanish Edition)",,,,,,
"Naruto (3-in-1 Edition), Vol. 7: Includes vols. 19, 20 & 21 (7)",,"9781421554952","978-1421554952","VIZ Media LLC; Original edición (7 Enero 2014)","592 páginas","https://images-na.ssl-images-amazon.com/images/I/51ToijELzES._SX322_BO1,204,203,200_.jpg"
"Charlotte's Web",,,,"HarperCollins; Media tie-in edición (10 Abril 2012)","192 páginas","https://images-na.ssl-images-amazon.com/images/I/61+3z1o4oUL._SX334_BO1,204,203,200_.jpg"
"La cadena de oro: Cazadores de sombras. Las últimas horas (La Isla del Tiempo Plus) (Spanish Edition)",,"6070774558","978-6070774553","Planeta Publishing (20 Abril 2021)","656 páginas","https://images-na.ssl-images-amazon.com/images/I/51-BKtEcmgL._SX355_BO1,204,203,200_.jpg"
"Super Mario Adventures","Kentaro Takekuma","1421588641","978-1421588643","VIZ Media LLC; Illustrated edición (11 Octubre 2016)","112 páginas","https://images-na.ssl-images-amazon.com/images/I/61PStXQdX7L._SX218_BO1,204,203,200_QL40_FMwebp_.jpg"
"El encuadernador / The Binding (Spanish Edition)",,"8401024293","978-8401024290","Plaza & Janés; 001 edición (19 Mayo 2020)","480 páginas","https://images-na.ssl-images-amazon.com/images/I/51ziNXEynAL._SY291_BO1,204,203,200_QL40_FMwebp_.jpg"
"Greystone Secrets #2: The Deceivers",,"0062838415","978-0062838414","Katherine Tegen Books (9 Marzo 2021)","464 páginas","https://images-na.ssl-images-amazon.com/images/I/516FLyKiT-L._SX334_BO1,204,203,200_.jpg"
"Misión: sobrevivir (La senda del Chamán Libro 1): Serie LitRPG (Spanish Edition)",,,,"Magic Dome Books (12 Enero 2021)",,
"El Ritmo de la Guerra (El Archivo de las Tormentas 4) (Spanish Edition)","Manuel Viciano Delibano",,,"NOVA (19 Noviembre 2020)",,
"Locke & Key, Vol. 1: Welcome to Lovecraft","Gabriel Rodriguez","1600103847","978-1600103841","IDW Publishing; Reprint edición (18 Agosto 2009)","168 páginas","https://images-na.ssl-images-amazon.com/images/I/51CxjpN22OL._SX321_BO1,204,203,200_.jpg"
"Sombras alargadas / Long Shadows (GATOS GUERREROS / WARRIORS) (Spanish Edition)",,"8418174005","978-8418174001","Salamandra Infantil y Juvenil; 001 edición (22 Septiembre 2020)","320 páginas","https://images-na.ssl-images-amazon.com/images/I/51R3J-sffQL._SX309_BO1,204,203,200_.jpg"
"EL PRÍNCIPE DE ARABIA: Libro de fantasía, misterio, magia, romance juvenil y de aventuras (PARA TODOS LOS PÚBLICOS) (Spanish Edition)","Juan Manuel Martín Rivas",,,"BM (1 Noviembre 2017)",,
"Harry Potter and the Chamber of Secrets: The Illustrated Edition (Illustrated) (2)","J. K. Rowling","0545791324","978-0545791328","Arthur A. Levine Books; Illustrated edición (4 Octubre 2016)","272 páginas","https://images-na.ssl-images-amazon.com/images/I/51L7pTOL+KL._SX258_BO1,204,203,200_.jpg"
"The Heroes of Olympus Paperback Boxed Set (10th Anniversary Edition)",,"1368053092","978-1368053099","Disney-Hyperion; 10th Anniversary ed. edición (24 Septiembre 2019)","3088 páginas","https://images-na.ssl-images-amazon.com/images/I/518MU+MlZ+L._SX342_BO1,204,203,200_.jpg"
"Coraline","Dave Mckean",,,"HarperCollins; Illustrated edición (6 Octubre 2009)",,
"Dormir en un mar de estrellas (Umbriel narrativa) (Spanish Edition)","CARLOS LOSCERTALES MARTÍNEZ",,,"Umbriel (3 Noviembre 2020)",,
"La ultima batalla: The Last Battle (Spanish edition) (Las cronicas de Narnia, 7)",,"0060884312","978-0060884314","HarperCollins Espanol; Illustrated edición (18 Octubre 2005)","272 páginas","https://images-na.ssl-images-amazon.com/images/I/518TyUa7jRL._SY291_BO1,204,203,200_QL40_FMwebp_.jpg"
"Winter Turning (Wings of Fire, Book 7) (7)",,"0545685397","978-0545685399","Scholastic Inc.; Reprint edición (27 Diciembre 2016)","336 páginas","https://images-na.ssl-images-amazon.com/images/I/51QCPOJc0gL._SX342_BO1,204,203,200_.jpg"
"Pete the Cat: Out of This World","Kimberly Dean","0062404431","978-0062404435","HarperFestival; Illustrated edición (20 Junio 2017)","24 páginas","https://images-na.ssl-images-amazon.com/images/I/51a3w7-3DaL._SX218_BO1,204,203,200_QL40_FMwebp_.jpg"
"Mangle: Tomo 1 (La Isla de San Juan Bautista) (Spanish Edition)",,,"979-8768625849","Independently published (17 Noviembre 2021)","350 páginas","https://images-na.ssl-images-amazon.com/images/I/412U2TEd7XL._SX322_BO1,204,203,200_.jpg"
"The Beast Within: A Tale of Beauty's Prince (Villains)","Disney Storybook Art Team","1423159128","978-1423159124","Disney Press (22 Julio 2014)","224 páginas","https://images-na.ssl-images-amazon.com/images/I/41CzFGUUCBL._SX383_BO1,204,203,200_.jpg"
"Ojos azules (Contemporanea) (Spanish Edition)",,"8497932668","978-8497932660","DEBOLSILLO; 003 edición (21 Abril 2021)",,"https://images-na.ssl-images-amazon.com/images/I/51YPPLiLXPL._SX327_BO1,204,203,200_.jpg"
"Hijos de sangre y hueso (El legado de Orïsha 1) (Spanish Edition)",,"8427213417","978-8427213418","Molino; 1o edición (12 Abril 2018)","624 páginas","https://images-na.ssl-images-amazon.com/images/I/51EMlpk4UWL._SY291_BO1,204,203,200_QL40_FMwebp_.jpg"
"A Map of Days (Miss Peregrine's Peculiar Children)",,"0735231494","978-0735231498","Dutton Books for Young Readers; Reprint edición (15 Octubre 2019)","496 páginas","https://images-na.ssl-images-amazon.com/images/I/51a1vhV2RgL._SX318_BO1,204,203,200_.jpg"
"Circe",,"0316556327","978-0316556323","Back Bay Books; Reprint edición (14 Abril 2020)","416 páginas","https://images-na.ssl-images-amazon.com/images/I/51jX-ncTDML._SX331_BO1,204,203,200_.jpg"
"How to Draw Cool Stuff: Shading, Textures and Optical Illusions","Catherine Holmes","0692382518","978-0692382516","Library Tales Publishing, Incorporated; 1er edición (7 Marzo 2015)","239 páginas","https://images-na.ssl-images-amazon.com/images/I/510pIUcJxoL._SX258_BO1,204,203,200_.jpg"
"The Red Scrolls of Magic (1) (The Eldest Curses)",,"1481495097","978-1481495097","Margaret K. McElderry Books; Reprint edición (5 Mayo 2020)","384 páginas","https://images-na.ssl-images-amazon.com/images/I/51nU9TKJ+TL._SX331_BO1,204,203,200_.jpg"
"The Folk of the Air Complete Paperback Gift Set",,"0316318094","978-0316318099","Little, Brown Books for Young Readers; Gift edición (12 Octubre 2021)","1120 páginas","https://images-na.ssl-images-amazon.com/images/I/411GWGjowbS._SX258_BO1,204,203,200_.jpg"
"Fablehaven, Book 1","Brandon Mull",,,,,
"Mushoku Tensei: Jobless Reincarnation (Light Novel) Vol. 11","Shirotaka",,,"Seven Seas Entertainment (6 Mayo 2021)",,
"Una herencia peligrosa / A Dangerous Legacy (AMANDA BLACK) (Spanish Edition)","Juan Gomez-Jurado","8417921370","978-8417921378","B DE BLOCK; 001 edición (18 Mayo 2021)","192 páginas","https://images-na.ssl-images-amazon.com/images/I/51eGXehyLnL._SX344_BO1,204,203,200_.jpg"
"Presagio (Almas Oscuras #2) (Almas Oscuras/ Dark Souls, 2) (Spanish Edition)",,"8417421068","978-8417421069","Titania (2 Febrero 2021)","480 páginas","https://images-na.ssl-images-amazon.com/images/I/51O66E1wzmL._SX331_BO1,204,203,200_.jpg"
"Monster Hunter: World - Official Complete Works","VIZ Media","1974711099","978-1974711093","VIZ Media LLC (11 Agosto 2020)","560 páginas","https://images-na.ssl-images-amazon.com/images/I/61K8XdbO6bL._SX218_BO1,204,203,200_QL40_FMwebp_.jpg"
"A Storm of Swords: A Song of Ice and Fire, Book 3","Roy Dotrice",,,,,
"Un Mundo Que Cambia: Patriotismo Frente a Agenda Globalista (Spanish Edition)","Cesar Vidal","1950604020","978-1950604029","Agustin Agency (1 Julio 2020)","384 páginas","https://images-na.ssl-images-amazon.com/images/I/41XXMoZq2CL._SX315_BO1,204,203,200_.jpg"
"The No-Fuss Bread Machine Cookbook: Hands-Off Recipes for Perfect Homemade Bread",,"1623157536","978-1623157531","Rockridge Press (16 Agosto 2016)","236 páginas","https://images-na.ssl-images-amazon.com/images/I/51Zl1YnbAzL._SX403_BO1,204,203,200_.jpg"
"Harry Potter y el misterio del príncipe (Harry Potter 6)","J.K. Rowling",,,,,
"Thomas Kinkade Disney Princesses Libro de colorear – Belle, blanco nieve, Ariel +",,"1449497071","978-1449497071","Andrews McMeel Publishing (9 Abril 2019)","42 páginas","https://images-na.ssl-images-amazon.com/images/I/61d5xUrRNbL._SX258_BO1,204,203,200_.jpg"
"Sketching from the Imagination: Characters",,"9781909414396","978-1909414396","3DTotal Publishing (28 Febrero 2017)","320 páginas","https://images-na.ssl-images-amazon.com/images/I/51w1eqa5bYL._SX258_BO1,204,203,200_.jpg"
"Daddy Biker Bear: A Bear Shifter Romance (Bears Of Forest Heights Book 1)",,,,,,
"Dragon Age: The World of Thedas Volume 2","Various","1616555017","978-1616555016","Dark Horse Books; Illustrated edición (12 Mayo 2015)","312 páginas","https://images-na.ssl-images-amazon.com/images/I/51DD9j4qRDL._SX376_BO1,204,203,200_.jpg"
"Matilda",,"0142410373","978-0142410370","Puffin Books; Reprint edición (16 Agosto 2007)","240 páginas","https://images-na.ssl-images-amazon.com/images/I/51vHLdb4CYL._SX323_BO1,204,203,200_.jpg"
"El amuleto perdido / The Lost Amulet (AMANDA BLACK) (Spanish Edition)","Juan Gomez-Jurado","8418054328","978-8418054327","B DE BLOCK; 001 edición (19 Octubre 2021)","192 páginas","https://images-na.ssl-images-amazon.com/images/I/51Wa+2QTjiS._SX344_BO1,204,203,200_.jpg"
"Demon Slayer: Kimetsu no Yaiba, Vol. 1 (1)",,"1974700526","978-1974700523","VIZ Media LLC; Illustrated edición (3 Julio 2018)","192 páginas","https://images-na.ssl-images-amazon.com/images/I/61RLgk2k-1L._SX331_BO1,204,203,200_.jpg"
"Brian Froud's World of Faerie",,"1683835913","978-1683835912","Insight Editions; Expanded edición (29 Enero 2019)","192 páginas","https://images-na.ssl-images-amazon.com/images/I/51cVwC2rg5L._SX362_BO1,204,203,200_.jpg"
"Toilet-bound Hanako-kun, Vol. 1 (Toilet-bound Hanako-kun, 1)",,"1975332873","978-1975332877","Yen Press; Illustrated edición (28 Enero 2020)","180 páginas","https://images-na.ssl-images-amazon.com/images/I/51yDF8b+8jL._SX336_BO1,204,203,200_.jpg"
"La Profecía de las Piedras Sagradas: Una novela de fantasía, misterio y suspenso (El Circulo Protector nº 5) (Spanish Edition)",,,,,,
"A Feast for Crows: A Song of Ice and Fire, Book 4","Roy Dotrice",,,,,
"Negro Butler, Vol. 4 (2011 – 01 – 25)",,"031608428X","978-0316084284","Yen Press; Illustrated edición (25 Enero 2011)","192 páginas","https://images-na.ssl-images-amazon.com/images/I/51fke2zqWoL._SX332_BO1,204,203,200_.jpg"
"Tales from Kingfountain, Muirwood, and Beyond: The Worlds of Jeff Wheeler","Jeff Wheeler",,,,,
"Cien años de soledad / One Hundred Years of Solitude (Spanish Edition)",,"0307474720","978-0307474728","Vintage Espanol; Spanish edición (22 Septiembre 2009)","496 páginas","https://images-na.ssl-images-amazon.com/images/I/51g1mv8VEnL._SX322_BO1,204,203,200_.jpg"
"Moby-Dick: Spanish Edition/(Clásico de la literatura estadounidense), LIbros Valle",,,"979-8473483963","Independently published (7 Septiembre 2021)","646 páginas","https://images-na.ssl-images-amazon.com/images/I/41wB55PezmL._SX346_BO1,204,203,200_.jpg"
"Tormenta de espadas [A Storm of Swords]: Canción de hielo y fuego, Libro 3","Victor Manuel Espinoza",,,,,
"Mushoku Tensei: Jobless Reincarnation (Light Novel) Vol. 1","Rifujin Na Magonote","1642751383","978-1642751383","Seven Seas (21 Mayo 2019)","320 páginas","https://images-na.ssl-images-amazon.com/images/I/51DdudgjwuS._SX350_BO1,204,203,200_.jpg"
"El rey que fue y será (Spanish Edition)","T. H. White","8417743472","978-8417743475","Atico de los Libros; 1er edición (13 Julio 2021)","832 páginas","https://images-na.ssl-images-amazon.com/images/I/41L3FkzxZaS._SX319_BO1,204,203,200_.jpg"
"Disney Frozen 2 - I'm Ready to Read with Olaf and Friends - PI Kids (Play-A-Sound)",,"150374602X","978-1503746022","Phoenix International Publications, Inc.; Media tie-in edición (15 Octubre 2019)","24 páginas","https://images-na.ssl-images-amazon.com/images/I/5135ebB1wcL._SX258_BO1,204,203,200_.jpg"
"Imprinted (Magic ex Libris)",,"1982090154","978-1982090159","CreateSpace Independent Publishing Platform (8 Enero 2018)","67 páginas","https://images-na.ssl-images-amazon.com/images/I/51QL20jQ2OL._SX311_BO1,204,203,200_.jpg"
"The World's Finest Assassin Gets Reincarnated in Another World as an Aristocrat, Vol. 1 (light novel) (The World's Finest Assassin Gets Reincarnated in Another World as an Aristocrat (light novel))","Rui Tsukiyo",,,"Yen On (29 Diciembre 2020)",,
"A Whole New World: A Twisted Tale","Liz Braswell","1423159128","978-1484707326","Disney-Hyperion; Reprint edición (26 Julio 2016)","400 páginas","https://images-na.ssl-images-amazon.com/images/I/41wDeLgvtQL._SY291_BO1,204,203,200_QL40_FMwebp_.jpg"
"Mushoku Tensei: Jobless Reincarnation (Light Novel) Vol. 10","Shirotaka",,,"Seven Seas Entertainment (25 Marzo 2021)",,
